{"title":"JMdict [2025-07-27]","format":3,"revision":"JMdict.2025-07-27","sequenced":true,"author":"yomitan-import","url":"https://github.com/themoeway/yomitan-import","description":"","attribution":"This publication has included material from the JMdict (EDICT, etc.) dictionary files in accordance with the licence provisions of the Electronic Dictionaries Research Group. See http://www.edrdg.org/","isUpdatable":true,"indexUrl":"https://github.com/yomidevs/jmdict-yomitan/releases/latest/download/JMdict_english_with_examples.json","downloadUrl":"https://github.com/yomidevs/jmdict-yomitan/releases/latest/download/JMdict_english_with_examples.zip"}