[["エア・ジョーダン","エア・ジョーダン","n product","",-10200,[{"content":{"content":{"content":"Air Jordan (brand of basketball shoes)","tag":"li"},"data":{"content":"glossary"},"lang":"en","style":{"listStyleType":"circle"},"tag":"ul"},"type":"structured-content"}],5746825,""],["エア・ジョーダン","エア・ジョーダン","forms","",-10201,["エアジョーダン","エア・ジョーダン"],5746825,""],["小紅書","シャオホンシュー","n product","",-200,[{"content":{"content":[{"content":"Xiaohongshu (Chinese social media and e-commerce platform)","tag":"li"},{"content":"RED","tag":"li"}],"data":{"content":"glossary"},"lang":"en","style":{"listStyleType":"circle"},"tag":"ul"},"type":"structured-content"}],5746827,""],["小紅書","シャオホンシュー","forms","",-201,[{"content":{"content":[{"content":[{"content":"","tag":"th"},{"content":"小紅書","style":{"textAlign":"center"},"tag":"th"}],"tag":"tr"},{"content":[{"content":"シャオホンシュー","style":{"textAlign":"left"},"tag":"th"},{"content":"㊒","style":{"textAlign":"center"},"tag":"td"}],"tag":"tr"},{"content":[{"content":"しょうこうしょ","style":{"textAlign":"left"},"tag":"th"},{"content":"㊒","style":{"textAlign":"center"},"tag":"td"}],"tag":"tr"}],"data":{"content":"formsTable"},"tag":"table"},"type":"structured-content"}],5746827,""],["小紅書","しょうこうしょ","n product","",-10200,[{"content":{"content":[{"content":"Xiaohongshu (Chinese social media and e-commerce platform)","tag":"li"},{"content":"RED","tag":"li"}],"data":{"content":"glossary"},"lang":"en","style":{"listStyleType":"circle"},"tag":"ul"},"type":"structured-content"}],5746827,""],["小紅書","しょうこうしょ","forms","",-10201,[{"content":{"content":[{"content":[{"content":"","tag":"th"},{"content":"小紅書","style":{"textAlign":"center"},"tag":"th"}],"tag":"tr"},{"content":[{"content":"シャオホンシュー","style":{"textAlign":"left"},"tag":"th"},{"content":"㊒","style":{"textAlign":"center"},"tag":"td"}],"tag":"tr"},{"content":[{"content":"しょうこうしょ","style":{"textAlign":"left"},"tag":"th"},{"content":"㊒","style":{"textAlign":"center"},"tag":"td"}],"tag":"tr"}],"data":{"content":"formsTable"},"tag":"table"},"type":"structured-content"}],5746827,""],["戦争と平和","せんそうとへいわ","n work","",-200,[{"content":{"content":{"content":"War and Peace (1869 novel by Leo Tolstoy)","tag":"li"},"data":{"content":"glossary"},"lang":"en","style":{"listStyleType":"circle"},"tag":"ul"},"type":"structured-content"}],5746828,""],["二十日鼠と人間","はつかねずみとにんげん","n work","",-200,[{"content":{"content":{"content":"Of Mice and Men (1937 novella by John Steinbeck)","tag":"li"},"data":{"content":"glossary"},"lang":"en","style":{"listStyleType":"circle"},"tag":"ul"},"type":"structured-content"}],5746829,""],["スターリンク","スターリンク","n product","",-200,[{"content":{"content":{"content":"Starlink (satellite internet constellation)","tag":"li"},"data":{"content":"glossary"},"lang":"en","style":{"listStyleType":"circle"},"tag":"ul"},"type":"structured-content"}],5746830,""],["スイッチ","スイッチ","1 n product","",-300,[{"content":{"content":{"content":"(Nintendo) Switch (video game console)","tag":"li"},"data":{"content":"glossary"},"lang":"en","style":{"listStyleType":"circle"},"tag":"ul"},"type":"structured-content"}],5746831,""],["スイッチ","スイッチ","forms","",-301,["スイッチ"],5746831,""],["Ｘ","エックス","1 n serv","",-300,[{"content":{"content":{"content":"X (social networking service)","tag":"li"},"data":{"content":"glossary"},"lang":"en","style":{"listStyleType":"circle"},"tag":"ul"},"type":"structured-content"}],5746832,""],["Ｘ","エックス","forms","",-301,["Ｘ"],5746832,""],["倭玉篇","わごくへん","n work","",-200,[{"content":{"content":{"content":"Wagokuhen (c. 1489 Japanese kanji dictionary)","tag":"li"},"data":{"content":"glossary"},"lang":"en","style":{"listStyleType":"circle"},"tag":"ul"},"type":"structured-content"}],5746847,""],["ファーストキッチン","ファーストキッチン","n company","",-200,[{"content":{"content":{"content":"First Kitchen (fast food restaurant chain)","tag":"li"},"data":{"content":"glossary"},"lang":"en","style":{"listStyleType":"circle"},"tag":"ul"},"type":"structured-content"}],5746848,""],["ファーストキッチン","ファーストキッチン","forms","",-201,["ファーストキッチン","ファースト・キッチン"],5746848,""],["ファースト・キッチン","ファースト・キッチン","n company","",-10200,[{"content":{"content":{"content":"First Kitchen (fast food restaurant chain)","tag":"li"},"data":{"content":"glossary"},"lang":"en","style":{"listStyleType":"circle"},"tag":"ul"},"type":"structured-content"}],5746848,""],["ファースト・キッチン","ファースト・キッチン","forms","",-10201,["ファーストキッチン","ファースト・キッチン"],5746848,""],["メディアラボ","メディアラボ","n organization","",-200,[{"content":{"content":{"content":"(MIT) Media Lab","tag":"li"},"data":{"content":"glossary"},"lang":"en","style":{"listStyleType":"circle"},"tag":"ul"},"type":"structured-content"}],5746850,""],["メディアラボ","メディアラボ","forms","",-201,["メディアラボ","メディア・ラボ"],5746850,""],["メディア・ラボ","メディア・ラボ","n organization","",-10200,[{"content":{"content":{"content":"(MIT) Media Lab","tag":"li"},"data":{"content":"glossary"},"lang":"en","style":{"listStyleType":"circle"},"tag":"ul"},"type":"structured-content"}],5746850,""],["メディア・ラボ","メディア・ラボ","forms","",-10201,["メディアラボ","メディア・ラボ"],5746850,""],["ウンディーネ","ウンディーネ","1 n myth","",-200,[{"content":{"content":{"content":"undine","tag":"li"},"data":{"content":"glossary"},"lang":"en","style":{"listStyleType":"circle"},"tag":"ul"},"type":"structured-content"}],5746851,""],["ウンディーネ","ウンディーネ","2 n work","",-201,[{"content":{"content":{"content":"Undine (1811 German novella by Friedrich de la Motte Fouqué)","tag":"li"},"data":{"content":"glossary"},"lang":"en","style":{"listStyleType":"circle"},"tag":"ul"},"type":"structured-content"}],5746851,""],["エコノミスト","エコノミスト","1 n work","",-300,[{"content":{"content":{"content":"The Economist (weekly newspaper)","tag":"li"},"data":{"content":"glossary"},"lang":"en","style":{"listStyleType":"circle"},"tag":"ul"},"type":"structured-content"}],5746853,""],["エコノミスト","エコノミスト","forms","",-301,["エコノミスト"],5746853,""],["ナショナルトラスト","ナショナルトラスト","1 n organization","",-300,[{"content":{"content":{"content":"National Trust (conservation organization in England, Wales and Northern Ireland)","tag":"li"},"data":{"content":"glossary"},"lang":"en","style":{"listStyleType":"circle"},"tag":"ul"},"type":"structured-content"}],5746854,""],["ナショナルトラスト","ナショナルトラスト","forms","",-301,["ナショナルトラスト","ナショナル・トラスト"],5746854,""],["ナショナル・トラスト","ナショナル・トラスト","1 n organization","",-10300,[{"content":{"content":{"content":"National Trust (conservation organization in England, Wales and Northern Ireland)","tag":"li"},"data":{"content":"glossary"},"lang":"en","style":{"listStyleType":"circle"},"tag":"ul"},"type":"structured-content"}],5746854,""],["ナショナル・トラスト","ナショナル・トラスト","forms","",-10301,["ナショナルトラスト","ナショナル・トラスト"],5746854,""],["日本ナショナルトラスト","にほんナショナルトラスト","n organization","",-200,[{"content":{"content":{"content":"Japan National Trust","tag":"li"},"data":{"content":"glossary"},"lang":"en","style":{"listStyleType":"circle"},"tag":"ul"},"type":"structured-content"}],5746857,""],["朝鮮労働党","ちょうせんろうどうとう","n organization","",-200,[{"content":{"content":{"content":"Workers' Party of Korea","tag":"li"},"data":{"content":"glossary"},"lang":"en","style":{"listStyleType":"circle"},"tag":"ul"},"type":"structured-content"}],5746859,""],["オレオ","オレオ","n product","",-200,[{"content":{"content":{"content":"Oreo (sandwich cookie)","tag":"li"},"data":{"content":"glossary"},"lang":"en","style":{"listStyleType":"circle"},"tag":"ul"},"type":"structured-content"}],5746863,""],["神々の黄昏","かみがみのたそがれ","n work","",-200,[{"content":{"content":[{"content":"Twilight of the Gods (music drama by Richard Wagner)","tag":"li"},{"content":"Götterdämmerung","tag":"li"}],"data":{"content":"glossary"},"lang":"en","style":{"listStyleType":"circle"},"tag":"ul"},"type":"structured-content"}],5746864,""],["龍が如く","りゅうがごとく","n work","",-200,[{"content":{"content":[{"content":"Yakuza (video game series)","tag":"li"},{"content":"Like a Dragon","tag":"li"}],"data":{"content":"glossary"},"lang":"en","style":{"listStyleType":"circle"},"tag":"ul"},"type":"structured-content"}],5746867,""],["カップヌードル","カップヌードル","n product","",-200,[{"content":{"content":{"content":"Cup Noodles (brand of instant noodles)","tag":"li"},"data":{"content":"glossary"},"lang":"en","style":{"listStyleType":"circle"},"tag":"ul"},"type":"structured-content"}],5746869,""],["漢語大字典","かんごだいじてん","n work","",-200,[{"content":{"content":[{"content":"Hanyu Da Zidian (multi-volume Chinese character dictionary)","tag":"li"},{"content":"Grand Chinese Dictionary","tag":"li"}],"data":{"content":"glossary"},"lang":"en","style":{"listStyleType":"circle"},"tag":"ul"},"type":"structured-content"}],5746870,""],["青年トルコ人革命","せいねんトルコじんかくめい","n ev","",-200,[{"content":{"content":{"content":"Young Turk Revolution (Ottoman Empire, 1908)","tag":"li"},"data":{"content":"glossary"},"lang":"en","style":{"listStyleType":"circle"},"tag":"ul"},"type":"structured-content"}],5746873,""],["マイナビ","マイナビ","n company","",-200,[{"content":{"content":{"content":"Mynavi Corporation","tag":"li"},"data":{"content":"glossary"},"lang":"en","style":{"listStyleType":"circle"},"tag":"ul"},"type":"structured-content"}],5746877,""],["魔女宅","まじょたく","n work","",-200,[{"content":{"content":{"content":"Kiki's Delivery Service (1989 animated film) (abbr)","tag":"li"},"data":{"content":"glossary"},"lang":"en","style":{"listStyleType":"circle"},"tag":"ul"},"type":"structured-content"}],5746880,""],["造幣局","ぞうへいきょく","n organization","",-200,[{"content":{"content":{"content":"Japan Mint","tag":"li"},"data":{"content":"glossary"},"lang":"en","style":{"listStyleType":"circle"},"tag":"ul"},"type":"structured-content"}],5746881,""],["パリ五輪","パリごりん","n ev","",-200,[{"content":{"content":{"content":"Paris Olympics","tag":"li"},"data":{"content":"glossary"},"lang":"en","style":{"listStyleType":"circle"},"tag":"ul"},"type":"structured-content"}],5746889,""],["セスナ","セスナ","n company product","",-200,[{"content":{"content":{"content":"Cessna (aircraft)","tag":"li"},"data":{"content":"glossary"},"lang":"en","style":{"listStyleType":"circle"},"tag":"ul"},"type":"structured-content"}],5746902,""],["スイス衛兵","スイスえいへい","n organization","",-200,[{"content":{"content":[{"content":"Swiss Guard","tag":"li"},{"content":"Pontifical Swiss Guard","tag":"li"}],"data":{"content":"glossary"},"lang":"en","style":{"listStyleType":"circle"},"tag":"ul"},"type":"structured-content"}],5746905,""],["カクヨム","カクヨム","n product","",-200,[{"content":{"content":{"content":"Kakuyomu (online self-publishing service provided by Kadokawa)","tag":"li"},"data":{"content":"glossary"},"lang":"en","style":{"listStyleType":"circle"},"tag":"ul"},"type":"structured-content"}],5746929,""],["アサクリ","アサクリ","n work","",-200,[{"content":{"content":{"content":"Assassin's Creed (video game series) (abbr)","tag":"li"},"data":{"content":"glossary"},"lang":"en","style":{"listStyleType":"circle"},"tag":"ul"},"type":"structured-content"}],5746930,""],["辛ラーメン","シンラーメン","n product","",-200,[{"content":{"content":{"content":"Shin Ramyun (Korean brand of instant noodles)","tag":"li"},"data":{"content":"glossary"},"lang":"en","style":{"listStyleType":"circle"},"tag":"ul"},"type":"structured-content"}],5746939,""],["ＩＥＴＦ","アイイーティーエフ","n organization","",-200,[{"content":{"content":[{"content":"Internet Engineering Task Force","tag":"li"},{"content":"IETF","tag":"li"}],"data":{"content":"glossary"},"lang":"en","style":{"listStyleType":"circle"},"tag":"ul"},"type":"structured-content"}],5746944,""],["ＨＰ－ＵＸ","エイチピーユーエックス","n product","",-200,[{"content":{"content":{"content":"HP-UX (Hewlett Packard Unix)","tag":"li"},"data":{"content":"glossary"},"lang":"en","style":{"listStyleType":"circle"},"tag":"ul"},"type":"structured-content"}],5746945,""],["ＨＰ－ＵＸ","エイチピーユーエックス","forms","",-201,["ＨＰ－ＵＸ","ＨＰ‐ＵＸ"],5746945,""],["ＨＰ‐ＵＸ","エイチピーユーエックス","n product","",-10200,[{"content":{"content":{"content":"HP-UX (Hewlett Packard Unix)","tag":"li"},"data":{"content":"glossary"},"lang":"en","style":{"listStyleType":"circle"},"tag":"ul"},"type":"structured-content"}],5746945,""],["ＨＰ‐ＵＸ","エイチピーユーエックス","forms","",-10201,["ＨＰ－ＵＸ","ＨＰ‐ＵＸ"],5746945,""],["ＩｒＤＡ","アイアールディーエー","n organization","",-200,[{"content":{"content":[{"content":"IrDA","tag":"li"},{"content":"Infrared Data Association","tag":"li"}],"data":{"content":"glossary"},"lang":"en","style":{"listStyleType":"circle"},"tag":"ul"},"type":"structured-content"}],5746946,""],["シービーム","シービーム","n product","",-200,[{"content":{"content":{"content":"SeaBeam (sonar device)","tag":"li"},"data":{"content":"glossary"},"lang":"en","style":{"listStyleType":"circle"},"tag":"ul"},"type":"structured-content"}],5746948,""],["シービーム","シービーム","forms","",-201,["シービーム","シー・ビーム"],5746948,""],["シー・ビーム","シー・ビーム","n product","",-10200,[{"content":{"content":{"content":"SeaBeam (sonar device)","tag":"li"},"data":{"content":"glossary"},"lang":"en","style":{"listStyleType":"circle"},"tag":"ul"},"type":"structured-content"}],5746948,""],["シー・ビーム","シー・ビーム","forms","",-10201,["シービーム","シー・ビーム"],5746948,""],["ＩＡＢ","アイエービー","n organization","",-200,[{"content":{"content":[{"content":"IAB","tag":"li"},{"content":"Internet Architecture Board (part of the IETF)","tag":"li"}],"data":{"content":"glossary"},"lang":"en","style":{"listStyleType":"circle"},"tag":"ul"},"type":"structured-content"}],5746949,""],["レッド・オクトーバーを追え","レッドオクトーバーをおえ","n work","",-200,[{"content":{"content":{"content":"The Hunt for Red October (1984 novel by Tom Clancy)","tag":"li"},"data":{"content":"glossary"},"lang":"en","style":{"listStyleType":"circle"},"tag":"ul"},"type":"structured-content"}],5746952,""],["ＪＰＮＩＣ","ジェイピーニック","n organization","",-200,[{"content":{"content":[{"content":"JPNIC","tag":"li"},{"content":"Japan Network Information Center","tag":"li"}],"data":{"content":"glossary"},"lang":"en","style":{"listStyleType":"circle"},"tag":"ul"},"type":"structured-content"}],5746953,""],["ジェマーイスラミア","ジェマーイスラミア","n organization","",-200,[{"content":{"content":[{"content":"Jemaah Islamiyah (Islamist militant group)","tag":"li"},{"content":"Jemaah Islamiah","tag":"li"},{"content":"JI","tag":"li"}],"data":{"content":"glossary"},"lang":"en","style":{"listStyleType":"circle"},"tag":"ul"},"type":"structured-content"}],5746954,""],["ジェマーイスラミア","ジェマーイスラミア","forms","",-201,["ジェマーイスラミア","ジェマー・イスラミア"],5746954,""],["ジェマー・イスラミア","ジェマー・イスラミア","n organization","",-10200,[{"content":{"content":[{"content":"Jemaah Islamiyah (Islamist militant group)","tag":"li"},{"content":"Jemaah Islamiah","tag":"li"},{"content":"JI","tag":"li"}],"data":{"content":"glossary"},"lang":"en","style":{"listStyleType":"circle"},"tag":"ul"},"type":"structured-content"}],5746954,""],["ジェマー・イスラミア","ジェマー・イスラミア","forms","",-10201,["ジェマーイスラミア","ジェマー・イスラミア"],5746954,""],["ＩＴＵ","アイ・ティー・ユー","n organization","",-200,[{"content":{"content":[{"content":"ITU","tag":"li"},{"content":"International Telecommunication Union","tag":"li"}],"data":{"content":"glossary"},"lang":"en","style":{"listStyleType":"circle"},"tag":"ul"},"type":"structured-content"}],5746955,""],["ＩＴＵ","アイ・ティー・ユー","forms","",-201,[{"content":{"content":[{"content":[{"content":"","tag":"th"},{"content":"ＩＴＵ","style":{"textAlign":"center"},"tag":"th"}],"tag":"tr"},{"content":[{"content":"アイ・ティー・ユー","style":{"textAlign":"left"},"tag":"th"},{"content":"㊒","style":{"textAlign":"center"},"tag":"td"}],"tag":"tr"},{"content":[{"content":"アイティーユー","style":{"textAlign":"left"},"tag":"th"},{"content":"㊒","style":{"textAlign":"center"},"tag":"td"}],"tag":"tr"}],"data":{"content":"formsTable"},"tag":"table"},"type":"structured-content"}],5746955,""],["ＩＴＵ","アイティーユー","n organization","",-10200,[{"content":{"content":[{"content":"ITU","tag":"li"},{"content":"International Telecommunication Union","tag":"li"}],"data":{"content":"glossary"},"lang":"en","style":{"listStyleType":"circle"},"tag":"ul"},"type":"structured-content"}],5746955,""],["ＩＴＵ","アイティーユー","forms","",-10201,[{"content":{"content":[{"content":[{"content":"","tag":"th"},{"content":"ＩＴＵ","style":{"textAlign":"center"},"tag":"th"}],"tag":"tr"},{"content":[{"content":"アイ・ティー・ユー","style":{"textAlign":"left"},"tag":"th"},{"content":"㊒","style":{"textAlign":"center"},"tag":"td"}],"tag":"tr"},{"content":[{"content":"アイティーユー","style":{"textAlign":"left"},"tag":"th"},{"content":"㊒","style":{"textAlign":"center"},"tag":"td"}],"tag":"tr"}],"data":{"content":"formsTable"},"tag":"table"},"type":"structured-content"}],5746955,""],["ツインテールの日","ツインテールのひ","n ev","",-200,[{"content":{"content":{"content":"Twintail Day (February 2)","tag":"li"},"data":{"content":"glossary"},"lang":"en","style":{"listStyleType":"circle"},"tag":"ul"},"type":"structured-content"}],5746957,""],["ＩＩＪ","アイアイジェイ","n company","",-200,[{"content":{"content":[{"content":"Internet Initiative Japan (internet service provider)","tag":"li"},{"content":"IIJ","tag":"li"}],"data":{"content":"glossary"},"lang":"en","style":{"listStyleType":"circle"},"tag":"ul"},"type":"structured-content"}],5746960,""],["蠅の王","はえのおう","n work","",-200,[{"content":{"content":{"content":"Lord of the Flies (1954 novel by William Golding)","tag":"li"},"data":{"content":"glossary"},"lang":"en","style":{"listStyleType":"circle"},"tag":"ul"},"type":"structured-content"}],5746984,""],["蠅の王","はえのおう","forms","",-201,["蠅の王","蝿の王"],5746984,""],["蝿の王","はえのおう","n work","",-10200,[{"content":{"content":{"content":"Lord of the Flies (1954 novel by William Golding)","tag":"li"},"data":{"content":"glossary"},"lang":"en","style":{"listStyleType":"circle"},"tag":"ul"},"type":"structured-content"}],5746984,""],["蝿の王","はえのおう","forms","",-10201,["蠅の王","蝿の王"],5746984,""],["パンツの日","パンツのひ","n ev","",-200,[{"content":{"content":{"content":"Panties Day (August 2)","tag":"li"},"data":{"content":"glossary"},"lang":"en","style":{"listStyleType":"circle"},"tag":"ul"},"type":"structured-content"}],5746985,""],["宝永大噴火","ほうえいだいふんか","n ev","",-200,[{"content":{"content":{"content":"Hōei eruption (Mount Fuji eruption of 1707-08)","tag":"li"},"data":{"content":"glossary"},"lang":"en","style":{"listStyleType":"circle"},"tag":"ul"},"type":"structured-content"}],5746990,""],["国際クリケット評議会","こくさいクリケットひょうぎかい","n organization","",-200,[{"content":{"content":[{"content":"International Cricket Council","tag":"li"},{"content":"ICC","tag":"li"}],"data":{"content":"glossary"},"lang":"en","style":{"listStyleType":"circle"},"tag":"ul"},"type":"structured-content"}],5746991,""],["随想録","ずいそうろく","1 n work","",-300,[{"content":{"content":{"content":"Essays (of Michel de Montaigne)","tag":"li"},"data":{"content":"glossary"},"lang":"en","style":{"listStyleType":"circle"},"tag":"ul"},"type":"structured-content"}],5746996,""],["随想録","ずいそうろく","forms","",-301,["随想録"],5746996,""],["エッセー","エッセー","1 n work","",-300,[{"content":{"content":{"content":"Essays (of Michel de Montaigne)","tag":"li"},"data":{"content":"glossary"},"lang":"en","style":{"listStyleType":"circle"},"tag":"ul"},"type":"structured-content"}],5746999,""],["エッセー","エッセー","forms","",-301,["エッセー"],5746999,""],["中国人民解放軍","ちゅうごくじんみんかいほうぐん","n organization","",-200,[{"content":{"content":[{"content":"People's Liberation Army (China)","tag":"li"},{"content":"PLA","tag":"li"}],"data":{"content":"glossary"},"lang":"en","style":{"listStyleType":"circle"},"tag":"ul"},"type":"structured-content"}],5747000,""],["燃料電池実用化推進協議会","ねんりょうでんちじつようかすいしんきょうぎかい","n organization","",-200,[{"content":{"content":[{"content":"Fuel Cell Commercialization Conference of Japan","tag":"li"},{"content":"FCCJ","tag":"li"}],"data":{"content":"glossary"},"lang":"en","style":{"listStyleType":"circle"},"tag":"ul"},"type":"structured-content"}],5747001,""],["Ｗ３Ｃ","ダブリュースリーシー","n organization","",-200,[{"content":{"content":[{"content":"W3C","tag":"li"},{"content":"World Wide Web Consortium","tag":"li"}],"data":{"content":"glossary"},"lang":"en","style":{"listStyleType":"circle"},"tag":"ul"},"type":"structured-content"}],5747004,""],["国連人権高等弁務官事務所","こくれんじんけんこうとうべんむかんじむしょ","n organization","",-200,[{"content":{"content":[{"content":"Office of the United Nations High Commissioner for Human Rights","tag":"li"},{"content":"OHCHR","tag":"li"}],"data":{"content":"glossary"},"lang":"en","style":{"listStyleType":"circle"},"tag":"ul"},"type":"structured-content"}],5747005,""],["就業条件明示書","しゅうぎょうじょうけんめいじしょ","n doc","",-200,[{"content":{"content":{"content":"Specification of Working Conditions document","tag":"li"},"data":{"content":"glossary"},"lang":"en","style":{"listStyleType":"circle"},"tag":"ul"},"type":"structured-content"}],5747007,""],["アルファード","アルファード","n product","",-200,[{"content":{"content":{"content":"Alphard (Toyota minivan)","tag":"li"},"data":{"content":"glossary"},"lang":"en","style":{"listStyleType":"circle"},"tag":"ul"},"type":"structured-content"}],5747022,""],["レノボ","レノボ","n company","",-200,[{"content":{"content":{"content":"Lenovo","tag":"li"},"data":{"content":"glossary"},"lang":"en","style":{"listStyleType":"circle"},"tag":"ul"},"type":"structured-content"}],5747033,""],["聯想集団","れんそうしゅうだん","n company","",-200,[{"content":{"content":{"content":"Lenovo","tag":"li"},"data":{"content":"glossary"},"lang":"en","style":{"listStyleType":"circle"},"tag":"ul"},"type":"structured-content"}],5747034,""],["日葡辞書","にっぽじしょ","n work","",-200,[{"content":{"content":[{"content":"Vocabvlario da Lingoa de Iapam (Japanese-Portuguese dictionary, publ. 1603-1604)","tag":"li"},{"content":"Nippo Jisho","tag":"li"}],"data":{"content":"glossary"},"lang":"en","style":{"listStyleType":"circle"},"tag":"ul"},"type":"structured-content"}],5747035,""],["日葡","にっぽ","1 n work","",-300,[{"content":{"content":[{"content":"Vocabvlario da Lingoa de Iapam (Japanese-Portuguese dictionary, publ. 1603-1604) (abbr)","tag":"li"},{"content":"Nippo Jisho","tag":"li"}],"data":{"content":"glossary"},"lang":"en","style":{"listStyleType":"circle"},"tag":"ul"},"type":"structured-content"}],5747036,""],["日葡","にっぽ","forms","",-301,["日葡"],5747036,""],["日製","にっせい","n company","",-200,[{"content":{"content":{"content":"Hitachi (abbr)","tag":"li"},"data":{"content":"glossary"},"lang":"en","style":{"listStyleType":"circle"},"tag":"ul"},"type":"structured-content"}],5747039,""],["日本製鉄","にっぽんせいてつ","n company","",-200,[{"content":{"content":{"content":"Nippon Steel","tag":"li"},"data":{"content":"glossary"},"lang":"en","style":{"listStyleType":"circle"},"tag":"ul"},"type":"structured-content"}],5747040,""],["日鉄","にってつ","n company","",-200,[{"content":{"content":{"content":"Nippon Steel (abbr)","tag":"li"},"data":{"content":"glossary"},"lang":"en","style":{"listStyleType":"circle"},"tag":"ul"},"type":"structured-content"}],5747041,""],["オーダシティ","オーダシティ","n product","",-200,[{"content":{"content":{"content":"Audacity (audio editor)","tag":"li"},"data":{"content":"glossary"},"lang":"en","style":{"listStyleType":"circle"},"tag":"ul"},"type":"structured-content"}],5747044,""],["とき","とき","n serv","",-200,[{"content":{"content":{"content":"Toki (regular Jōetsu-line Shinkansen)","tag":"li"},"data":{"content":"glossary"},"lang":"en","style":{"listStyleType":"circle"},"tag":"ul"},"type":"structured-content"}],5747047,""],["フランクフルト国民議会","フランクフルトこくみんぎかい","n organization","",-200,[{"content":{"content":{"content":"Frankfurt National Assembly (1848-1849)","tag":"li"},"data":{"content":"glossary"},"lang":"en","style":{"listStyleType":"circle"},"tag":"ul"},"type":"structured-content"}],5747058,""],["国連パレスチナ難民救済事業機関","こくれんパレスチナなんみんきゅうさいじぎょうきかん","n organization","",-200,[{"content":{"content":[{"content":"United Nations Relief and Works Agency for Palestine Refugees in the Near East","tag":"li"},{"content":"UNRWA","tag":"li"}],"data":{"content":"glossary"},"lang":"en","style":{"listStyleType":"circle"},"tag":"ul"},"type":"structured-content"}],5747061,""],["日本旅行業協会","にほんりょこうぎょうきょうかい","n organization","",-200,[{"content":{"content":[{"content":"Japan Association of Travel Agents","tag":"li"},{"content":"JATA","tag":"li"}],"data":{"content":"glossary"},"lang":"en","style":{"listStyleType":"circle"},"tag":"ul"},"type":"structured-content"}],5747062,""],["バーチャルボーイ","バーチャルボーイ","n product","",-200,[{"content":{"content":{"content":"Virtual Boy (Nintendo video game console)","tag":"li"},"data":{"content":"glossary"},"lang":"en","style":{"listStyleType":"circle"},"tag":"ul"},"type":"structured-content"}],5747065,""],["バーチャルボーイ","バーチャルボーイ","forms","",-201,["バーチャルボーイ","バーチャル・ボーイ"],5747065,""],["バーチャル・ボーイ","バーチャル・ボーイ","n product","",-10200,[{"content":{"content":{"content":"Virtual Boy (Nintendo video game console)","tag":"li"},"data":{"content":"glossary"},"lang":"en","style":{"listStyleType":"circle"},"tag":"ul"},"type":"structured-content"}],5747065,""],["バーチャル・ボーイ","バーチャル・ボーイ","forms","",-10201,["バーチャルボーイ","バーチャル・ボーイ"],5747065,""],["ロンドン大火","ロンドンたいか","n ev","",-200,[{"content":{"content":{"content":"Great Fire of London (1666)","tag":"li"},"data":{"content":"glossary"},"lang":"en","style":{"listStyleType":"circle"},"tag":"ul"},"type":"structured-content"}],5747070,""],["ビッグブルー","ビッグブルー","n company","",-200,[{"content":{"content":{"content":"Big Blue (nickname for IBM)","tag":"li"},"data":{"content":"glossary"},"lang":"en","style":{"listStyleType":"circle"},"tag":"ul"},"type":"structured-content"}],5747073,""],["ビッグブルー","ビッグブルー","forms","",-201,["ビッグブルー","ビッグ・ブルー"],5747073,""],["ビッグ・ブルー","ビッグ・ブルー","n company","",-10200,[{"content":{"content":{"content":"Big Blue (nickname for IBM)","tag":"li"},"data":{"content":"glossary"},"lang":"en","style":{"listStyleType":"circle"},"tag":"ul"},"type":"structured-content"}],5747073,""],["ビッグ・ブルー","ビッグ・ブルー","forms","",-10201,["ビッグブルー","ビッグ・ブルー"],5747073,""],["ＣＯＤＡＳＹＬ","コダシル","n organization","",-200,[{"content":{"content":[{"content":"Conference/Committee on Data Systems Languages","tag":"li"},{"content":"CODASYL","tag":"li"}],"data":{"content":"glossary"},"lang":"en","style":{"listStyleType":"circle"},"tag":"ul"},"type":"structured-content"}],5747074,""],["ＣＡＦＩＳ","キャフィス","n serv","",-200,[{"content":{"content":[{"content":"CAFIS (credit card payment processor operated by NTT)","tag":"li"},{"content":"Credit And Finance Information System","tag":"li"}],"data":{"content":"glossary"},"lang":"en","style":{"listStyleType":"circle"},"tag":"ul"},"type":"structured-content"}],5747081,""],["日本原水爆被害者団体協議会","にほんげんすいばくひがいしゃだんたいきょうぎかい","n organization","",-200,[{"content":{"content":[{"content":"Japan Confederation of A- and H-Bomb Sufferers Organizations","tag":"li"},{"content":"Nihon Hidankyo","tag":"li"}],"data":{"content":"glossary"},"lang":"en","style":{"listStyleType":"circle"},"tag":"ul"},"type":"structured-content"}],5747083,""],["被団協","ひだんきょう","n organization","",-200,[{"content":{"content":[{"content":"Nihon Hidankyo (abbr)","tag":"li"},{"content":"Japan Confederation of A- and H-Bomb Sufferers Organizations","tag":"li"}],"data":{"content":"glossary"},"lang":"en","style":{"listStyleType":"circle"},"tag":"ul"},"type":"structured-content"}],5747084,""],["日本被団協","にほんひだんきょう","n organization","",-200,[{"content":{"content":[{"content":"Nihon Hidankyo","tag":"li"},{"content":"Japan Confederation of A- and H-Bomb Sufferers Organizations","tag":"li"}],"data":{"content":"glossary"},"lang":"en","style":{"listStyleType":"circle"},"tag":"ul"},"type":"structured-content"}],5747085,""],["クトゥルフ","クトゥルフ","n char","",-200,[{"content":{"content":{"content":"Cthulhu (fictional deity created by H.P. Lovecraft)","tag":"li"},"data":{"content":"glossary"},"lang":"en","style":{"listStyleType":"circle"},"tag":"ul"},"type":"structured-content"}],5747086,""],["クトゥルフ","クトゥルフ","forms","",-201,["クトゥルフ","クトゥルー"],5747086,""],["クトゥルー","クトゥルー","n char","",-10200,[{"content":{"content":{"content":"Cthulhu (fictional deity created by H.P. Lovecraft)","tag":"li"},"data":{"content":"glossary"},"lang":"en","style":{"listStyleType":"circle"},"tag":"ul"},"type":"structured-content"}],5747086,""],["クトゥルー","クトゥルー","forms","",-10201,["クトゥルフ","クトゥルー"],5747086,""],["国連レバノン暫定軍","こくれんレバノンざんていぐん","n organization","",-200,[{"content":{"content":[{"content":"United Nations Interim Force in Lebanon","tag":"li"},{"content":"UNIFIL","tag":"li"}],"data":{"content":"glossary"},"lang":"en","style":{"listStyleType":"circle"},"tag":"ul"},"type":"structured-content"}],5747087,""],["国泰航空","こくたいこうくう","n company","",-200,[{"content":{"content":{"content":"Cathay Pacific Airlines","tag":"li"},"data":{"content":"glossary"},"lang":"en","style":{"listStyleType":"circle"},"tag":"ul"},"type":"structured-content"}],5747091,""],["キャセイパシフィック航空","キャセイパシフィックこうくう","n company","",-200,[{"content":{"content":{"content":"Cathay Pacific (Hong Kong airline)","tag":"li"},"data":{"content":"glossary"},"lang":"en","style":{"listStyleType":"circle"},"tag":"ul"},"type":"structured-content"}],5747092,""],["ダブチ","ダブチ","n product","",-200,[{"content":{"content":{"content":"double cheeseburger (abbr) (McDonalds)","tag":"li"},"data":{"content":"glossary"},"lang":"en","style":{"listStyleType":"circle"},"tag":"ul"},"type":"structured-content"}],5747100,""],["ダブチ","ダブチ","forms","",-201,["ダブチ","ダブチー"],5747100,""],["ダブチー","ダブチー","n product","",-10200,[{"content":{"content":{"content":"double cheeseburger (abbr) (McDonalds)","tag":"li"},"data":{"content":"glossary"},"lang":"en","style":{"listStyleType":"circle"},"tag":"ul"},"type":"structured-content"}],5747100,""],["ダブチー","ダブチー","forms","",-10201,["ダブチ","ダブチー"],5747100,""],["津山事件","つやまじけん","n ev","",-200,[{"content":{"content":{"content":"Tsuyama massacre (1938; revenge spree killing of 30 people)","tag":"li"},"data":{"content":"glossary"},"lang":"en","style":{"listStyleType":"circle"},"tag":"ul"},"type":"structured-content"}],5747118,""],["ロゼッタネット","ロゼッタネット","n organization","",-200,[{"content":{"content":{"content":"RosettaNet","tag":"li"},"data":{"content":"glossary"},"lang":"en","style":{"listStyleType":"circle"},"tag":"ul"},"type":"structured-content"}],5747123,""],["パワーブック","パワーブック","n product","",-200,[{"content":{"content":{"content":"Powerbook (early Macintosh laptop computer)","tag":"li"},"data":{"content":"glossary"},"lang":"en","style":{"listStyleType":"circle"},"tag":"ul"},"type":"structured-content"}],5747124,""],["ネットウェア","ネットウェア","n product","",-200,[{"content":{"content":{"content":"NetWare (Novell OS)","tag":"li"},"data":{"content":"glossary"},"lang":"en","style":{"listStyleType":"circle"},"tag":"ul"},"type":"structured-content"}],5747125,""],["ユニコードコンソーシアム","ユニコードコンソーシアム","n organization","",-200,[{"content":{"content":{"content":"Unicode Consortium","tag":"li"},"data":{"content":"glossary"},"lang":"en","style":{"listStyleType":"circle"},"tag":"ul"},"type":"structured-content"}],5747127,""],["ユニコードコンソーシアム","ユニコードコンソーシアム","forms","",-201,["ユニコードコンソーシアム","ユニコード・コンソーシアム"],5747127,""],["ユニコード・コンソーシアム","ユニコード・コンソーシアム","n organization","",-10200,[{"content":{"content":{"content":"Unicode Consortium","tag":"li"},"data":{"content":"glossary"},"lang":"en","style":{"listStyleType":"circle"},"tag":"ul"},"type":"structured-content"}],5747127,""],["ユニコード・コンソーシアム","ユニコード・コンソーシアム","forms","",-10201,["ユニコードコンソーシアム","ユニコード・コンソーシアム"],5747127,""],["スーパードライブ","スーパードライブ","n product","",-200,[{"content":{"content":{"content":"SuperDrive (Apple)","tag":"li"},"data":{"content":"glossary"},"lang":"en","style":{"listStyleType":"circle"},"tag":"ul"},"type":"structured-content"}],5747128,""],["テレ放題","テレほうだい","n serv","",-200,[{"content":{"content":{"content":"NTT unmetered telephone service","tag":"li"},"data":{"content":"glossary"},"lang":"en","style":{"listStyleType":"circle"},"tag":"ul"},"type":"structured-content"}],5747131,""],["テレテル","テレテル","n product","",-200,[{"content":{"content":{"content":"Teletel (French videotex system)","tag":"li"},"data":{"content":"glossary"},"lang":"en","style":{"listStyleType":"circle"},"tag":"ul"},"type":"structured-content"}],5747134,""],["デーリーエキスプレス","デーリーエキスプレス","n product","",-200,[{"content":{"content":{"content":"Daily Express (newspaper)","tag":"li"},"data":{"content":"glossary"},"lang":"en","style":{"listStyleType":"circle"},"tag":"ul"},"type":"structured-content"}],5747135,""],["デーリーエキスプレス","デーリーエキスプレス","forms","",-201,["デーリーエキスプレス","デーリー・エキスプレス"],5747135,""],["デーリー・エキスプレス","デーリー・エキスプレス","n product","",-10200,[{"content":{"content":{"content":"Daily Express (newspaper)","tag":"li"},"data":{"content":"glossary"},"lang":"en","style":{"listStyleType":"circle"},"tag":"ul"},"type":"structured-content"}],5747135,""],["デーリー・エキスプレス","デーリー・エキスプレス","forms","",-10201,["デーリーエキスプレス","デーリー・エキスプレス"],5747135,""],["ウィンテル","ウィンテル","n product","",-200,[{"content":{"content":{"content":"Wintel (Intel-based computers running Windows)","tag":"li"},"data":{"content":"glossary"},"lang":"en","style":{"listStyleType":"circle"},"tag":"ul"},"type":"structured-content"}],5747138,""],["ウィンテル","ウィンテル","forms","",-201,["ウィンテル","ウインテル"],5747138,""],["ウインテル","ウインテル","n product","",-10200,[{"content":{"content":{"content":"Wintel (Intel-based computers running Windows)","tag":"li"},"data":{"content":"glossary"},"lang":"en","style":{"listStyleType":"circle"},"tag":"ul"},"type":"structured-content"}],5747138,""],["ウインテル","ウインテル","forms","",-10201,["ウィンテル","ウインテル"],5747138,""],["ウルトラスパーク","ウルトラスパーク","n product","",-200,[{"content":{"content":{"content":"UltraSPARC (Sun microprocessor)","tag":"li"},"data":{"content":"glossary"},"lang":"en","style":{"listStyleType":"circle"},"tag":"ul"},"type":"structured-content"}],5747139,""],["オーカット","オーカット","n product","",-200,[{"content":{"content":{"content":"Orkut (former Google social networking site)","tag":"li"},"data":{"content":"glossary"},"lang":"en","style":{"listStyleType":"circle"},"tag":"ul"},"type":"structured-content"}],5747140,""],["オーカット","オーカット","forms","",-201,["オーカット","オルカット"],5747140,""],["オルカット","オルカット","n product","",-10200,[{"content":{"content":{"content":"Orkut (former Google social networking site)","tag":"li"},"data":{"content":"glossary"},"lang":"en","style":{"listStyleType":"circle"},"tag":"ul"},"type":"structured-content"}],5747140,""],["オルカット","オルカット","forms","",-10201,["オーカット","オルカット"],5747140,""],["Ｓｉｒｉ","シリ","n product","",-200,[{"content":{"content":{"content":"Siri (virtual assistant developed by Apple)","tag":"li"},"data":{"content":"glossary"},"lang":"en","style":{"listStyleType":"circle"},"tag":"ul"},"type":"structured-content"}],5747147,""],["ノーツ","ノーツ","n product","",-200,[{"content":{"content":{"content":"(Lotus) Notes (collaborative software platform)","tag":"li"},"data":{"content":"glossary"},"lang":"en","style":{"listStyleType":"circle"},"tag":"ul"},"type":"structured-content"}],5747149,""],["キャスティングディレクター","キャスティングディレクター","n work","",-200,[{"content":{"content":[{"content":"Casting Director (movie)","tag":"li"},{"content":"Hurlyburly","tag":"li"}],"data":{"content":"glossary"},"lang":"en","style":{"listStyleType":"circle"},"tag":"ul"},"type":"structured-content"}],5747151,""],["キャスティングディレクター","キャスティングディレクター","forms","",-201,["キャスティングディレクター","キャスティング・ディレクター"],5747151,""],["キャスティング・ディレクター","キャスティング・ディレクター","n work","",-10200,[{"content":{"content":[{"content":"Casting Director (movie)","tag":"li"},{"content":"Hurlyburly","tag":"li"}],"data":{"content":"glossary"},"lang":"en","style":{"listStyleType":"circle"},"tag":"ul"},"type":"structured-content"}],5747151,""],["キャスティング・ディレクター","キャスティング・ディレクター","forms","",-10201,["キャスティングディレクター","キャスティング・ディレクター"],5747151,""],["産経新聞","さんけいしんぶん","n product","",-200,[{"content":{"content":{"content":"Sankei Shimbun (newspaper)","tag":"li"},"data":{"content":"glossary"},"lang":"en","style":{"listStyleType":"circle"},"tag":"ul"},"type":"structured-content"}],5747152,""],["アジア経済研究所","アジアけいざいけんきゅうじょ","n organization","",-200,[{"content":{"content":{"content":"Institute of Developing Economies","tag":"li"},"data":{"content":"glossary"},"lang":"en","style":{"listStyleType":"circle"},"tag":"ul"},"type":"structured-content"}],5747153,""],["白痴","はくち","1 n work","",-300,[{"content":{"content":{"content":"The Idiot (1868 novel by Fyodor Dostoevsky)","tag":"li"},"data":{"content":"glossary"},"lang":"en","style":{"listStyleType":"circle"},"tag":"ul"},"type":"structured-content"}],5747158,""],["白痴","はくち","forms","",-301,["白痴"],5747158,""],["ブラックベリー","ブラックベリー","1 n company product","",-300,[{"content":{"content":{"content":"BlackBerry","tag":"li"},"data":{"content":"glossary"},"lang":"en","style":{"listStyleType":"circle"},"tag":"ul"},"type":"structured-content"}],5747164,""],["ブラックベリー","ブラックベリー","forms","",-301,["ブラックベリー"],5747164,""],["３Ｃｏｍ","スリーコム","n company","",-200,[{"content":{"content":{"content":"3Com","tag":"li"},"data":{"content":"glossary"},"lang":"en","style":{"listStyleType":"circle"},"tag":"ul"},"type":"structured-content"}],5747165,""],["＠ニフティ","アットニフティ","n product","",-200,[{"content":{"content":[{"content":"@nifty","tag":"li"},{"content":"at nifty","tag":"li"}],"data":{"content":"glossary"},"lang":"en","style":{"listStyleType":"circle"},"tag":"ul"},"type":"structured-content"}],5747166,""],["豊和工業","ほうわこうぎょう","n company","",-200,[{"content":{"content":{"content":"Howa Machinery","tag":"li"},"data":{"content":"glossary"},"lang":"en","style":{"listStyleType":"circle"},"tag":"ul"},"type":"structured-content"}],5747168,""],["モラルマジョリティー","モラルマジョリティー","n organization","",-200,[{"content":{"content":{"content":"Moral Majority (American political organization)","tag":"li"},"data":{"content":"glossary"},"lang":"en","style":{"listStyleType":"circle"},"tag":"ul"},"type":"structured-content"}],5747169,""],["モラルマジョリティー","モラルマジョリティー","forms","",-201,["モラルマジョリティー","モラル・マジョリティー"],5747169,""],["モラル・マジョリティー","モラル・マジョリティー","n organization","",-10200,[{"content":{"content":{"content":"Moral Majority (American political organization)","tag":"li"},"data":{"content":"glossary"},"lang":"en","style":{"listStyleType":"circle"},"tag":"ul"},"type":"structured-content"}],5747169,""],["モラル・マジョリティー","モラル・マジョリティー","forms","",-10201,["モラルマジョリティー","モラル・マジョリティー"],5747169,""],["ブラックパンサー","ブラックパンサー","n organization","",-200,[{"content":{"content":{"content":"Black Panthers (political organization)","tag":"li"},"data":{"content":"glossary"},"lang":"en","style":{"listStyleType":"circle"},"tag":"ul"},"type":"structured-content"}],5747171,""],["ブラックパンサー","ブラックパンサー","forms","",-201,["ブラックパンサー","ブラック・パンサー"],5747171,""],["ブラック・パンサー","ブラック・パンサー","n organization","",-10200,[{"content":{"content":{"content":"Black Panthers (political organization)","tag":"li"},"data":{"content":"glossary"},"lang":"en","style":{"listStyleType":"circle"},"tag":"ul"},"type":"structured-content"}],5747171,""],["ブラック・パンサー","ブラック・パンサー","forms","",-10201,["ブラックパンサー","ブラック・パンサー"],5747171,""],["ＳＰＡＲＣ","スパーク","1 n organization","",-300,[{"content":{"content":[{"content":"Scholarly Publishing and Academic Resources Coalition","tag":"li"},{"content":"SPARC","tag":"li"}],"data":{"content":"glossary"},"lang":"en","style":{"listStyleType":"circle"},"tag":"ul"},"type":"structured-content"}],5747181,""],["ＳＰＡＲＣ","スパーク","forms","",-301,["ＳＰＡＲＣ"],5747181,""],["ヒューズネットワークシステムズ","ヒューズネットワークシステムズ","n company","",-200,[{"content":{"content":{"content":"Hughes Network Systems","tag":"li"},"data":{"content":"glossary"},"lang":"en","style":{"listStyleType":"circle"},"tag":"ul"},"type":"structured-content"}],5747182,""],["チェジュ航空","チェジュこうくう","n company","",-200,[{"content":{"content":{"content":"Jeju Air","tag":"li"},"data":{"content":"glossary"},"lang":"en","style":{"listStyleType":"circle"},"tag":"ul"},"type":"structured-content"}],5747187,""],["ａｒｃｈｉｅ","アーチー","n serv","",-200,[{"content":{"content":{"content":"Archie (early search engine)","tag":"li"},"data":{"content":"glossary"},"lang":"en","style":{"listStyleType":"circle"},"tag":"ul"},"type":"structured-content"}],5747188,""],["ａｒｃｈｉｅ","アーチー","forms","",-201,[{"content":{"content":[{"content":[{"content":"","tag":"th"},{"content":"ａｒｃｈｉｅ","style":{"textAlign":"center"},"tag":"th"}],"tag":"tr"},{"content":[{"content":"アーチー","style":{"textAlign":"left"},"tag":"th"},{"content":"㊒","style":{"textAlign":"center"},"tag":"td"}],"tag":"tr"},{"content":[{"content":"アーキー","style":{"textAlign":"left"},"tag":"th"},{"content":"㊒","style":{"textAlign":"center"},"tag":"td"}],"tag":"tr"}],"data":{"content":"formsTable"},"tag":"table"},"type":"structured-content"}],5747188,""],["ａｒｃｈｉｅ","アーキー","n serv","",-10200,[{"content":{"content":{"content":"Archie (early search engine)","tag":"li"},"data":{"content":"glossary"},"lang":"en","style":{"listStyleType":"circle"},"tag":"ul"},"type":"structured-content"}],5747188,""],["ａｒｃｈｉｅ","アーキー","forms","",-10201,[{"content":{"content":[{"content":[{"content":"","tag":"th"},{"content":"ａｒｃｈｉｅ","style":{"textAlign":"center"},"tag":"th"}],"tag":"tr"},{"content":[{"content":"アーチー","style":{"textAlign":"left"},"tag":"th"},{"content":"㊒","style":{"textAlign":"center"},"tag":"td"}],"tag":"tr"},{"content":[{"content":"アーキー","style":{"textAlign":"left"},"tag":"th"},{"content":"㊒","style":{"textAlign":"center"},"tag":"td"}],"tag":"tr"}],"data":{"content":"formsTable"},"tag":"table"},"type":"structured-content"}],5747188,""],["チェックペン","チェックペン","n product","",-200,[{"content":{"content":{"content":"Check Pen (line of highlighters produced by Zebra)","tag":"li"},"data":{"content":"glossary"},"lang":"en","style":{"listStyleType":"circle"},"tag":"ul"},"type":"structured-content"}],5747193,""],["ゼブラ","ゼブラ","1 n company","",-300,[{"content":{"content":{"content":"Zebra (manufacturer of writing instruments)","tag":"li"},"data":{"content":"glossary"},"lang":"en","style":{"listStyleType":"circle"},"tag":"ul"},"type":"structured-content"}],5747195,""],["ゼブラ","ゼブラ","forms","",-301,["ゼブラ"],5747195,""],["ノーベル財団","ノーベルざいだん","n organization","",-200,[{"content":{"content":{"content":"Nobel Foundation","tag":"li"},"data":{"content":"glossary"},"lang":"en","style":{"listStyleType":"circle"},"tag":"ul"},"type":"structured-content"}],5747196,""],["ショーシャンクの空に","ショーシャンクのそらに","n work","",-200,[{"content":{"content":{"content":"The Shawshank Redemption (1994 film)","tag":"li"},"data":{"content":"glossary"},"lang":"en","style":{"listStyleType":"circle"},"tag":"ul"},"type":"structured-content"}],5747197,""],["動物農場","どうぶつのうじょう","n work","",-200,[{"content":{"content":{"content":"Animal Farm (1945 novella by George Orwell)","tag":"li"},"data":{"content":"glossary"},"lang":"en","style":{"listStyleType":"circle"},"tag":"ul"},"type":"structured-content"}],5747198,""],["中国青年報","ちゅうごくせいねんほう","n product","",-200,[{"content":{"content":{"content":"China Youth Daily (newspaper)","tag":"li"},"data":{"content":"glossary"},"lang":"en","style":{"listStyleType":"circle"},"tag":"ul"},"type":"structured-content"}],5747201,""],["アガツマ","アガツマ","n company","",-200,[{"content":{"content":{"content":"Agatsuma (toy manufacturer)","tag":"li"},"data":{"content":"glossary"},"lang":"en","style":{"listStyleType":"circle"},"tag":"ul"},"type":"structured-content"}],5747207,""],["科警研","かけいけん","n organization","",-200,[{"content":{"content":{"content":"National Research Institute of Police Science (abbr)","tag":"li"},"data":{"content":"glossary"},"lang":"en","style":{"listStyleType":"circle"},"tag":"ul"},"type":"structured-content"}],5747211,""],["カリフォルニア大学バークレー校","カリフォルニアだいがくバークレーこう","n organization","",-200,[{"content":{"content":{"content":"University of California, Berkeley","tag":"li"},"data":{"content":"glossary"},"lang":"en","style":{"listStyleType":"circle"},"tag":"ul"},"type":"structured-content"}],5747212,""],["濃尾地震","のうびじしん","n ev","",-200,[{"content":{"content":[{"content":"Mino-Owari Earthquake (1891)","tag":"li"},{"content":"Nōbi Earthquake","tag":"li"}],"data":{"content":"glossary"},"lang":"en","style":{"listStyleType":"circle"},"tag":"ul"},"type":"structured-content"}],5747214,""],["ブレントフォード","ブレントフォード","n organization","",-200,[{"content":{"content":{"content":"Brentford (English football club)","tag":"li"},"data":{"content":"glossary"},"lang":"en","style":{"listStyleType":"circle"},"tag":"ul"},"type":"structured-content"}],5747216,""],["ドライブクラブ","ドライブクラブ","1 n company","",-200,[{"content":{"content":{"content":"Drive Club (former car rental agency)","tag":"li"},"data":{"content":"glossary"},"lang":"en","style":{"listStyleType":"circle"},"tag":"ul"},"type":"structured-content"}],5747218,""],["ドライブクラブ","ドライブクラブ","2 n work","",-201,[{"content":{"content":{"content":"DRIVECLUB (2014 racing video game)","tag":"li"},"data":{"content":"glossary"},"lang":"en","style":{"listStyleType":"circle"},"tag":"ul"},"type":"structured-content"}],5747218,""],["ドライブクラブ","ドライブクラブ","forms","",-202,["ドライブクラブ","ドライブ・クラブ"],5747218,""],["ドライブ・クラブ","ドライブ・クラブ","1 n company","",-10200,[{"content":{"content":{"content":"Drive Club (former car rental agency)","tag":"li"},"data":{"content":"glossary"},"lang":"en","style":{"listStyleType":"circle"},"tag":"ul"},"type":"structured-content"}],5747218,""],["ドライブ・クラブ","ドライブ・クラブ","2 n work","",-10201,[{"content":{"content":{"content":"DRIVECLUB (2014 racing video game)","tag":"li"},"data":{"content":"glossary"},"lang":"en","style":{"listStyleType":"circle"},"tag":"ul"},"type":"structured-content"}],5747218,""],["ドライブ・クラブ","ドライブ・クラブ","forms","",-10202,["ドライブクラブ","ドライブ・クラブ"],5747218,""],["クリスタルパレス","クリスタルパレス","1 n organization","",-200,[{"content":{"content":{"content":"Crystal Palace (English football club)","tag":"li"},"data":{"content":"glossary"},"lang":"en","style":{"listStyleType":"circle"},"tag":"ul"},"type":"structured-content"}],5747221,""],["クリスタルパレス","クリスタルパレス","2 n place","",-201,[{"content":{"content":{"content":"Crystal Palace","tag":"li"},"data":{"content":"glossary"},"lang":"en","style":{"listStyleType":"circle"},"tag":"ul"},"type":"structured-content"}],5747221,""],["クリスタルパレス","クリスタルパレス","forms","",-202,["クリスタルパレス","クリスタル・パレス"],5747221,""],["クリスタル・パレス","クリスタル・パレス","1 n organization","",-10200,[{"content":{"content":{"content":"Crystal Palace (English football club)","tag":"li"},"data":{"content":"glossary"},"lang":"en","style":{"listStyleType":"circle"},"tag":"ul"},"type":"structured-content"}],5747221,""],["クリスタル・パレス","クリスタル・パレス","2 n place","",-10201,[{"content":{"content":{"content":"Crystal Palace","tag":"li"},"data":{"content":"glossary"},"lang":"en","style":{"listStyleType":"circle"},"tag":"ul"},"type":"structured-content"}],5747221,""],["クリスタル・パレス","クリスタル・パレス","forms","",-10202,["クリスタルパレス","クリスタル・パレス"],5747221,""],["えきねっと","えきねっと","n serv","",-200,[{"content":{"content":{"content":"Eki Net (JR travel reservation service)","tag":"li"},"data":{"content":"glossary"},"lang":"en","style":{"listStyleType":"circle"},"tag":"ul"},"type":"structured-content"}],5747222,""],["島根県立大学","しまねけんりつだいがく","n organization","",-200,[{"content":{"content":{"content":"University of Shimane","tag":"li"},"data":{"content":"glossary"},"lang":"en","style":{"listStyleType":"circle"},"tag":"ul"},"type":"structured-content"}],5747225,""],["全国厚生年金受給者団体連合会","ぜんこくこうせいねんきんじゅきゅうしゃだんたいれんごうかい","n organization","",-200,[{"content":{"content":{"content":"National Federation of Employees' Pensioners' Associations","tag":"li"},"data":{"content":"glossary"},"lang":"en","style":{"listStyleType":"circle"},"tag":"ul"},"type":"structured-content"}],5747226,""],["全年連","ぜんねんれん","n organization","",-200,[{"content":{"content":{"content":"National Federation of Employees' Pensioners' Associations (abbr.)","tag":"li"},"data":{"content":"glossary"},"lang":"en","style":{"listStyleType":"circle"},"tag":"ul"},"type":"structured-content"}],5747227,""],["厚生連","こうせいれん","n organization","",-200,[{"content":{"content":{"content":"(provincial branch of the) National Welfare Federation of Agricultural Cooperatives","tag":"li"},"data":{"content":"glossary"},"lang":"en","style":{"listStyleType":"circle"},"tag":"ul"},"type":"structured-content"}],5747228,""],["北海道社会事業協会","ほっかいどうしゃかいじぎょうきょうかい","n organization","",-200,[{"content":{"content":{"content":"Hokkaido Social Welfare Association","tag":"li"},"data":{"content":"glossary"},"lang":"en","style":{"listStyleType":"circle"},"tag":"ul"},"type":"structured-content"}],5747229,""],["全国厚生農業協同組合連合会","ぜんこくこうせいのうぎょうきょうどうくみあいれんごうかい","n organization","",-200,[{"content":{"content":{"content":"National Welfare Federation of Agricultural Cooperatives","tag":"li"},"data":{"content":"glossary"},"lang":"en","style":{"listStyleType":"circle"},"tag":"ul"},"type":"structured-content"}],5747230,""],["全厚連","ぜんこうれん","n organization","",-200,[{"content":{"content":{"content":"National Welfare Federation of Agricultural Cooperatives (abbr)","tag":"li"},"data":{"content":"glossary"},"lang":"en","style":{"listStyleType":"circle"},"tag":"ul"},"type":"structured-content"}],5747231,""],["黒船来航","くろふねらいこう","n ev","",-200,[{"content":{"content":[{"content":"Perry Expedition (1853)","tag":"li"},{"content":"arrival of the Black Ships","tag":"li"}],"data":{"content":"glossary"},"lang":"en","style":{"listStyleType":"circle"},"tag":"ul"},"type":"structured-content"}],5747242,""],["サウンドブラスタ","サウンドブラスタ","n product","",-200,[{"content":{"content":{"content":"Sound Blaster (sound card)","tag":"li"},"data":{"content":"glossary"},"lang":"en","style":{"listStyleType":"circle"},"tag":"ul"},"type":"structured-content"}],5747244,""],["ＮＨＫ教育テレビジョン","エヌエイチケーきょういくテレビジョン","n serv","",-200,[{"content":{"content":{"content":"NHK Educational TV","tag":"li"},"data":{"content":"glossary"},"lang":"en","style":{"listStyleType":"circle"},"tag":"ul"},"type":"structured-content"}],5747245,""],["ＮＨＫ教育テレビ","エヌエイチケーきょういくテレビ","n serv","",-200,[{"content":{"content":{"content":"NHK Educational TV","tag":"li"},"data":{"content":"glossary"},"lang":"en","style":{"listStyleType":"circle"},"tag":"ul"},"type":"structured-content"}],5747246,""],["サムライブルー","サムライブルー","n organization","",-200,[{"content":{"content":{"content":"Samurai Blue (nickname for the Japan national football team)","tag":"li"},"data":{"content":"glossary"},"lang":"en","style":{"listStyleType":"circle"},"tag":"ul"},"type":"structured-content"}],5747248,""],["サムライブルー","サムライブルー","forms","",-201,["サムライブルー","サムライ・ブルー"],5747248,""],["サムライ・ブルー","サムライ・ブルー","n organization","",-10200,[{"content":{"content":{"content":"Samurai Blue (nickname for the Japan national football team)","tag":"li"},"data":{"content":"glossary"},"lang":"en","style":{"listStyleType":"circle"},"tag":"ul"},"type":"structured-content"}],5747248,""],["サムライ・ブルー","サムライ・ブルー","forms","",-10201,["サムライブルー","サムライ・ブルー"],5747248,""],["流行語大賞","りゅうこうごたいしょう","n unclass","",-200,[{"content":{"content":{"content":"Buzzword of the Year Award (organized by publisher Jiyu Kokumin-sha)","tag":"li"},"data":{"content":"glossary"},"lang":"en","style":{"listStyleType":"circle"},"tag":"ul"},"type":"structured-content"}],5747249,""],["スライダック","スライダック","n product","",-200,[{"content":{"content":{"content":"Slidac (variable autotransformer)","tag":"li"},"data":{"content":"glossary"},"lang":"en","style":{"listStyleType":"circle"},"tag":"ul"},"type":"structured-content"}],5747252,""],["ダヴィンチ","ダヴィンチ","n person","",-200,[{"content":{"content":{"content":"da Vinci","tag":"li"},"data":{"content":"glossary"},"lang":"en","style":{"listStyleType":"circle"},"tag":"ul"},"type":"structured-content"}],5747253,""],["ダヴィンチ","ダヴィンチ","forms","",-201,["ダヴィンチ","ダビンチ","ダ・ヴィンチ","ダ・ビンチ"],5747253,""],["ダビンチ","ダビンチ","n person","",-10200,[{"content":{"content":{"content":"da Vinci","tag":"li"},"data":{"content":"glossary"},"lang":"en","style":{"listStyleType":"circle"},"tag":"ul"},"type":"structured-content"}],5747253,""],["ダビンチ","ダビンチ","forms","",-10201,["ダヴィンチ","ダビンチ","ダ・ヴィンチ","ダ・ビンチ"],5747253,""],["ダ・ヴィンチ","ダ・ヴィンチ","n person","",-20200,[{"content":{"content":{"content":"da Vinci","tag":"li"},"data":{"content":"glossary"},"lang":"en","style":{"listStyleType":"circle"},"tag":"ul"},"type":"structured-content"}],5747253,""],["ダ・ヴィンチ","ダ・ヴィンチ","forms","",-20201,["ダヴィンチ","ダビンチ","ダ・ヴィンチ","ダ・ビンチ"],5747253,""],["ダ・ビンチ","ダ・ビンチ","n person","",-30200,[{"content":{"content":{"content":"da Vinci","tag":"li"},"data":{"content":"glossary"},"lang":"en","style":{"listStyleType":"circle"},"tag":"ul"},"type":"structured-content"}],5747253,""],["ダ・ビンチ","ダ・ビンチ","forms","",-30201,["ダヴィンチ","ダビンチ","ダ・ヴィンチ","ダ・ビンチ"],5747253,""],["ウィルトンカーペット","ウィルトンカーペット","n product","",-200,[{"content":{"content":{"content":"Wilton carpet","tag":"li"},"data":{"content":"glossary"},"lang":"en","style":{"listStyleType":"circle"},"tag":"ul"},"type":"structured-content"}],5747254,""],["ウィルトンカーペット","ウィルトンカーペット","forms","",-201,["ウィルトンカーペット","ウィルトン・カーペット"],5747254,""],["ウィルトン・カーペット","ウィルトン・カーペット","n product","",-10200,[{"content":{"content":{"content":"Wilton carpet","tag":"li"},"data":{"content":"glossary"},"lang":"en","style":{"listStyleType":"circle"},"tag":"ul"},"type":"structured-content"}],5747254,""],["ウィルトン・カーペット","ウィルトン・カーペット","forms","",-10201,["ウィルトンカーペット","ウィルトン・カーペット"],5747254,""],["ＡＰ","エーピー","n company","",-300,[{"content":{"content":[{"content":"Associated Press","tag":"li"},{"content":"AP","tag":"li"}],"data":{"content":"glossary"},"lang":"en","style":{"listStyleType":"circle"},"tag":"ul"},"type":"structured-content"}],5747264,""],["ＡＰ","エーピー","forms","",-301,[{"content":{"content":[{"content":[{"content":"","tag":"th"},{"content":"ＡＰ","style":{"textAlign":"center"},"tag":"th"}],"tag":"tr"},{"content":[{"content":"エーピー","style":{"textAlign":"left"},"tag":"th"},{"content":"㊒","style":{"textAlign":"center"},"tag":"td"}],"tag":"tr"},{"content":[{"content":"エー・ピー","style":{"textAlign":"left"},"tag":"th"},{"content":"㊒","style":{"textAlign":"center"},"tag":"td"}],"tag":"tr"}],"data":{"content":"formsTable"},"tag":"table"},"type":"structured-content"}],5747264,""],["ＡＰ","エー・ピー","1 n company","",-10300,[{"content":{"content":[{"content":"Associated Press","tag":"li"},{"content":"AP","tag":"li"}],"data":{"content":"glossary"},"lang":"en","style":{"listStyleType":"circle"},"tag":"ul"},"type":"structured-content"}],5747264,""],["ＡＰ","エー・ピー","forms","",-10301,[{"content":{"content":[{"content":[{"content":"","tag":"th"},{"content":"ＡＰ","style":{"textAlign":"center"},"tag":"th"}],"tag":"tr"},{"content":[{"content":"エーピー","style":{"textAlign":"left"},"tag":"th"},{"content":"㊒","style":{"textAlign":"center"},"tag":"td"}],"tag":"tr"},{"content":[{"content":"エー・ピー","style":{"textAlign":"left"},"tag":"th"},{"content":"㊒","style":{"textAlign":"center"},"tag":"td"}],"tag":"tr"}],"data":{"content":"formsTable"},"tag":"table"},"type":"structured-content"}],5747264,""],["コムデギャルソン","コムデギャルソン","n company","",-200,[{"content":{"content":{"content":"Comme des Garçons (fashion company)","tag":"li"},"data":{"content":"glossary"},"lang":"en","style":{"listStyleType":"circle"},"tag":"ul"},"type":"structured-content"}],5747270,""],["コムデギャルソン","コムデギャルソン","forms","",-201,["コムデギャルソン","コム・デ・ギャルソン"],5747270,""],["コム・デ・ギャルソン","コム・デ・ギャルソン","n company","",-10200,[{"content":{"content":{"content":"Comme des Garçons (fashion company)","tag":"li"},"data":{"content":"glossary"},"lang":"en","style":{"listStyleType":"circle"},"tag":"ul"},"type":"structured-content"}],5747270,""],["コム・デ・ギャルソン","コム・デ・ギャルソン","forms","",-10201,["コムデギャルソン","コム・デ・ギャルソン"],5747270,""],["ドイツのための選択肢","ドイツのためのせんたくし","n organization","",-200,[{"content":{"content":[{"content":"Alternative for Germany","tag":"li"},{"content":"AfD","tag":"li"}],"data":{"content":"glossary"},"lang":"en","style":{"listStyleType":"circle"},"tag":"ul"},"type":"structured-content"}],5747275,""],["アスクル","アスクル","n company","",-200,[{"content":{"content":{"content":"ASKUL","tag":"li"},"data":{"content":"glossary"},"lang":"en","style":{"listStyleType":"circle"},"tag":"ul"},"type":"structured-content"}],5747280,""],["モレックス","モレックス","n company","",-200,[{"content":{"content":{"content":"Molex Inc.","tag":"li"},"data":{"content":"glossary"},"lang":"en","style":{"listStyleType":"circle"},"tag":"ul"},"type":"structured-content"}],5747285,""],["セスナ機","セスナき","n product","",-200,[{"content":{"content":{"content":"Cessna (aircraft)","tag":"li"},"data":{"content":"glossary"},"lang":"en","style":{"listStyleType":"circle"},"tag":"ul"},"type":"structured-content"}],5747286,""],["ナクバ","ナクバ","n ev","",-200,[{"content":{"content":{"content":"Nakba (1948 Palestinian exodus)","tag":"li"},"data":{"content":"glossary"},"lang":"en","style":{"listStyleType":"circle"},"tag":"ul"},"type":"structured-content"}],5747289,""],["三匹のこぶた","さんぴきのこぶた","n work","",-200,[{"content":{"content":{"content":"The Three Little Pigs (fable)","tag":"li"},"data":{"content":"glossary"},"lang":"en","style":{"listStyleType":"circle"},"tag":"ul"},"type":"structured-content"}],5747298,""],["三匹のこぶた","さんぴきのこぶた","forms","",-201,["三匹のこぶた","三匹の子豚","３匹のコブタ","三匹の子ぶた","三匹の子ブタ","三匹のコブタ"],5747298,""],["三匹の子豚","さんぴきのこぶた","n work","",-10200,[{"content":{"content":{"content":"The Three Little Pigs (fable)","tag":"li"},"data":{"content":"glossary"},"lang":"en","style":{"listStyleType":"circle"},"tag":"ul"},"type":"structured-content"}],5747298,""],["三匹の子豚","さんぴきのこぶた","forms","",-10201,["三匹のこぶた","三匹の子豚","３匹のコブタ","三匹の子ぶた","三匹の子ブタ","三匹のコブタ"],5747298,""],["３匹のコブタ","さんぴきのこぶた","n work","",-20200,[{"content":{"content":{"content":"The Three Little Pigs (fable)","tag":"li"},"data":{"content":"glossary"},"lang":"en","style":{"listStyleType":"circle"},"tag":"ul"},"type":"structured-content"}],5747298,""],["３匹のコブタ","さんぴきのこぶた","forms","",-20201,["三匹のこぶた","三匹の子豚","３匹のコブタ","三匹の子ぶた","三匹の子ブタ","三匹のコブタ"],5747298,""],["三匹の子ぶた","さんぴきのこぶた","n work","",-30200,[{"content":{"content":{"content":"The Three Little Pigs (fable)","tag":"li"},"data":{"content":"glossary"},"lang":"en","style":{"listStyleType":"circle"},"tag":"ul"},"type":"structured-content"}],5747298,""],["三匹の子ぶた","さんぴきのこぶた","forms","",-30201,["三匹のこぶた","三匹の子豚","３匹のコブタ","三匹の子ぶた","三匹の子ブタ","三匹のコブタ"],5747298,""],["三匹の子ブタ","さんぴきのこぶた","n work","",-40200,[{"content":{"content":{"content":"The Three Little Pigs (fable)","tag":"li"},"data":{"content":"glossary"},"lang":"en","style":{"listStyleType":"circle"},"tag":"ul"},"type":"structured-content"}],5747298,""],["三匹の子ブタ","さんぴきのこぶた","forms","",-40201,["三匹のこぶた","三匹の子豚","３匹のコブタ","三匹の子ぶた","三匹の子ブタ","三匹のコブタ"],5747298,""],["三匹のコブタ","さんぴきのこぶた","n work","",-50200,[{"content":{"content":{"content":"The Three Little Pigs (fable)","tag":"li"},"data":{"content":"glossary"},"lang":"en","style":{"listStyleType":"circle"},"tag":"ul"},"type":"structured-content"}],5747298,""],["三匹のコブタ","さんぴきのこぶた","forms","",-50201,["三匹のこぶた","三匹の子豚","３匹のコブタ","三匹の子ぶた","三匹の子ブタ","三匹のコブタ"],5747298,""],["抒情歌謡集","じょじょうかようしゅう","n work","",-200,[{"content":{"content":{"content":"Lyrical Ballads, with a Few Other Poems (collection of poems by William Wordsworth and Samuel Taylor Coleridge)","tag":"li"},"data":{"content":"glossary"},"lang":"en","style":{"listStyleType":"circle"},"tag":"ul"},"type":"structured-content"}],5747300,""],["抒情民謡集","じょじょうみんようしゅう","n work","",-200,[{"content":{"content":{"content":"Lyrical Ballads, with a Few Other Poems (collection of poems by William Wordsworth and Samuel Taylor Coleridge)","tag":"li"},"data":{"content":"glossary"},"lang":"en","style":{"listStyleType":"circle"},"tag":"ul"},"type":"structured-content"}],5747301,""],["スペースインベーダー","スペースインベーダー","n product","",-200,[{"content":{"content":{"content":"Space Invaders (game)","tag":"li"},"data":{"content":"glossary"},"lang":"en","style":{"listStyleType":"circle"},"tag":"ul"},"type":"structured-content"}],5747305,""],["スペースインベーダー","スペースインベーダー","forms","",-201,["スペースインベーダー","スペース・インベーダー"],5747305,""],["スペース・インベーダー","スペース・インベーダー","n product","",-10200,[{"content":{"content":{"content":"Space Invaders (game)","tag":"li"},"data":{"content":"glossary"},"lang":"en","style":{"listStyleType":"circle"},"tag":"ul"},"type":"structured-content"}],5747305,""],["スペース・インベーダー","スペース・インベーダー","forms","",-10201,["スペースインベーダー","スペース・インベーダー"],5747305,""],["秋津温泉","あきつおんせん","n work","",-200,[{"content":{"content":{"content":"Akitsu Springs (1947 novel by Shinji Fujiwara, 1962 film)","tag":"li"},"data":{"content":"glossary"},"lang":"en","style":{"listStyleType":"circle"},"tag":"ul"},"type":"structured-content"}],5747307,""],["パワーエイド","パワーエイド","n product","",-200,[{"content":{"content":{"content":"Powerade (sports drink)","tag":"li"},"data":{"content":"glossary"},"lang":"en","style":{"listStyleType":"circle"},"tag":"ul"},"type":"structured-content"}],5747312,""],["戦場のメリークリスマス","せんじょうのメリークリスマス","n work","",-200,[{"content":{"content":{"content":"Merry Christmas, Mr. Lawrence (1983 film)","tag":"li"},"data":{"content":"glossary"},"lang":"en","style":{"listStyleType":"circle"},"tag":"ul"},"type":"structured-content"}],5747328,""],["ストライダー","ストライダー","n product","",-200,[{"content":{"content":{"content":"Strider (brand of balance bike)","tag":"li"},"data":{"content":"glossary"},"lang":"en","style":{"listStyleType":"circle"},"tag":"ul"},"type":"structured-content"}],5747331,""],["東京優駿","とうきょうゆうしゅん","n ev","",-200,[{"content":{"content":[{"content":"Tōkyō Yūshun (annual horse race in Fuchū)","tag":"li"},{"content":"Japan Derby","tag":"li"},{"content":"Japanese Derby","tag":"li"}],"data":{"content":"glossary"},"lang":"en","style":{"listStyleType":"circle"},"tag":"ul"},"type":"structured-content"}],5747352,""],["ＡＲＰＡ","アーパ","n organization","",-200,[{"content":{"content":[{"content":"Advanced Research Projects Agency","tag":"li"},{"content":"ARPA","tag":"li"}],"data":{"content":"glossary"},"lang":"en","style":{"listStyleType":"circle"},"tag":"ul"},"type":"structured-content"}],5747354,""],["プレイステーションネットワーク","プレイステーションネットワーク","n serv","",-200,[{"content":{"content":{"content":"PlayStation Network","tag":"li"},"data":{"content":"glossary"},"lang":"en","style":{"listStyleType":"circle"},"tag":"ul"},"type":"structured-content"}],5747355,""],["プレイステーションネットワーク","プレイステーションネットワーク","forms","",-201,["プレイステーションネットワーク","プレイステーション・ネットワーク"],5747355,""],["プレイステーション・ネットワーク","プレイステーション・ネットワーク","n serv","",-10200,[{"content":{"content":{"content":"PlayStation Network","tag":"li"},"data":{"content":"glossary"},"lang":"en","style":{"listStyleType":"circle"},"tag":"ul"},"type":"structured-content"}],5747355,""],["プレイステーション・ネットワーク","プレイステーション・ネットワーク","forms","",-10201,["プレイステーションネットワーク","プレイステーション・ネットワーク"],5747355,""],["ルーセント","ルーセント","n company","",-200,[{"content":{"content":{"content":"Lucent","tag":"li"},"data":{"content":"glossary"},"lang":"en","style":{"listStyleType":"circle"},"tag":"ul"},"type":"structured-content"}],5747357,""],["日独防共協定","にちどくぼうきょうきょうてい","n doc","",-200,[{"content":{"content":{"content":"Anti-Comintern Pact (1936)","tag":"li"},"data":{"content":"glossary"},"lang":"en","style":{"listStyleType":"circle"},"tag":"ul"},"type":"structured-content"}],5747358,""],["日ソ中立条約","にっソちゅうりつじょうやく","n doc","",-200,[{"content":{"content":{"content":"Japan-Soviet Neutrality Pact (1941)","tag":"li"},"data":{"content":"glossary"},"lang":"en","style":{"listStyleType":"circle"},"tag":"ul"},"type":"structured-content"}],5747359,""],["オーシーエヌ","オーシーエヌ","n company","",-200,[{"content":{"content":[{"content":"OCN","tag":"li"},{"content":"Open Computer Network","tag":"li"}],"data":{"content":"glossary"},"lang":"en","style":{"listStyleType":"circle"},"tag":"ul"},"type":"structured-content"}],5747360,""],["インクトミ","インクトミ","n company","",-200,[{"content":{"content":{"content":"Inktomi (American technology company)","tag":"li"},"data":{"content":"glossary"},"lang":"en","style":{"listStyleType":"circle"},"tag":"ul"},"type":"structured-content"}],5747361,""],["インターニック","インターニック","n organization","",-200,[{"content":{"content":[{"content":"Internet Network Information Center","tag":"li"},{"content":"InterNIC","tag":"li"}],"data":{"content":"glossary"},"lang":"en","style":{"listStyleType":"circle"},"tag":"ul"},"type":"structured-content"}],5747362,""],["ＡｃｔｉｖｅＸ","アクティブエックス","n product","",-200,[{"content":{"content":{"content":"ActiveX (software)","tag":"li"},"data":{"content":"glossary"},"lang":"en","style":{"listStyleType":"circle"},"tag":"ul"},"type":"structured-content"}],5747363,""],["ＬＹＣＯＳ","ライコス","n serv","",-200,[{"content":{"content":{"content":"Lycos (search engine)","tag":"li"},"data":{"content":"glossary"},"lang":"en","style":{"listStyleType":"circle"},"tag":"ul"},"type":"structured-content"}],5747364,""]]